name,standard_walk,generic_walk,buchberger
simple,0.002634119,0.001080056,4.670857142857143e-6
simple,0.00262981,0.001087529,4.621e-6
